test,id
count_between,"[114,175,148,167,134,190,179,193,140,116,143,182,105,138,162,199,124,112,107,139,131,189,151,130,133,164,177,123,184,122,111,117,119,159,142,149]"
count_size,"[415,463,478,402,475,428,434,451,468,436,403,425,461,417,496,481,466,416,406,408,429,405,423,479,426,410,450,435,462,489,413,432,460,448,441,439,404,469,471,498,456,482,400,488,480,459,440,477]"
color_material_size,"[728,791,766,754,747,772,798,731,736,745,729,781,778,786,741,784,704,738,718,752,703,783,700]"
color_material,"[613,654,623,609,643,657,650,662,672,687,673,644,619,675,641,681,663,697,665,679,608,624,698,664,680,606,648,695,635,638,671,646,630,667]"
count_red,"[341,365,323]"
large_more,"[561,502,597,564,523,595,593,548,581,517,557,525,519,588,587,573,514,538,582,599,500,521,516,579,512,553,577,534,578,556,522,591,552,505]"
count_cube,"[297,267,228,243,283,232,240,287,200,276,296,215,203,227,229,247,241,201,291,266]"
position_and_color,"[48,1,46,56,98,9,73,66,49,94,42,3,6]"
color_material_size_shape,"[925,961,998]"
